{
  "project_info": {
    "project_number": "119362574622",
    "firebase_url": "https://medfordchat.firebaseio.com",
    "project_id": "medfordchat",
    "storage_bucket": "medfordchat.appspot.com"
  },
  "client": [
    {
      "client_info": {
        "mobilesdk_app_id": "1:119362574622:android:aa1318ab30a24959",
        "android_client_info": {
          "package_name": "chat.medford.root.medford"
        }
      },
      "oauth_client": [
        {
          "client_id": "119362574622-mlspc6eagll4kdleef95opfh2e5c6ma8.apps.googleusercontent.com",
          "client_type": 3
        }
      ],
      "api_key": [
        {
          "current_key": "AIzaSyAotc3lF7COhk6J8YhjeTGfnrDrHXxhQWo"
        }
      ],
      "services": {
        "analytics_service": {
          "status": 1
        },
        "appinvite_service": {
          "status": 1,
          "other_platform_oauth_client": []
        },
        "ads_service": {
          "status": 2
        }
      }
    },
    {
      "client_info": {
        "mobilesdk_app_id": "1:119362574622:android:424cfe7b01e13d85",
        "android_client_info": {
          "package_name": "root.medfordclock"
        }
      },
      "oauth_client": [
        {
          "client_id": "119362574622-mlspc6eagll4kdleef95opfh2e5c6ma8.apps.googleusercontent.com",
          "client_type": 3
        }
      ],
      "api_key": [
        {
          "current_key": "AIzaSyAotc3lF7COhk6J8YhjeTGfnrDrHXxhQWo"
        }
      ],
      "services": {
        "analytics_service": {
          "status": 1
        },
        "appinvite_service": {
          "status": 1,
          "other_platform_oauth_client": []
        },
        "ads_service": {
          "status": 2
        }
      }
    }
  ],
  "configuration_version": "1"
}